{
 "mean_retweet": 114.46304592332771,
 "max_retweet": 7181,
 "stdev_retweet": 320.7963177126635
}